

INSERT INTO users (username, password, first_name, last_name, email)
VALUES('testuser',
      '$2b$04$CTozFMFAF2aifiEyb/iYQu4xghU3QlWa0HAwjvqeIxUROGI2Hy.mS',
      'Test',
      'User',
      'test@test.com'),
      ('tuckerdiane',
      '$2b$04$CTozFMFAF2aifiEyb/iYQu4xghU3QlWa0HAwjvqeIxUROGI2Hy.mS',
      'Tucker',
      'Diane',
      'tuckerdiane@example.org'),
      ('tpeters',
      '$2b$04$CTozFMFAF2aifiEyb/iYQu4xghU3QlWa0HAwjvqeIxUROGI2Hy.mS',
      'Scott',
      'Steven',
      'scottsteven@example.org'),
      ('sarahstone',
      '$2b$04$CTozFMFAF2aifiEyb/iYQu4xghU3QlWa0HAwjvqeIxUROGI2Hy.mS',
      'Jennifer',
      'Tanner',
      'tannerjennifer@example.org'),
      ('christina20',
      '$2b$04$CTozFMFAF2aifiEyb/iYQu4xghU3QlWa0HAwjvqeIxUROGI2Hy.mS',
      'Elizabeth',
      'Arellano',
      'arellanoelizabeth@example.org');

INSERT INTO listings (title, type, photo_url, price, description, location, owner_username)
VALUES('Mom''s house',
      'backyard',
      'https://images.unsplash.com/photo-1560749003-f4b1e17e2dff?q=80&w=1548&auto=format&fit=crop&ixlib=rb-4.0.3&ixid=M3wxMjA3fDB8MHxwaG90by1wYWdlfHx8fGVufDB8fHx8fA%3D%3D',
      149,
      'Lots of flowers and plastic flamingos make this a beautiful space for your next party',
      'Dallas, TX',
      'testuser'),
      ('Beautiful balcony',
      'apartment balcony',
      'https://images.unsplash.com/photo-1616593969747-4797dc75033e?q=80&w=1480&auto=format&fit=crop&ixlib=rb-4.0.3&ixid=M3wxMjA3fDB8MHxwaG90by1wYWdlfHx8fGVufDB8fHx8fA%3D%3D',
      109,
      'Gorgeous views, quaint and cozy atmosphere',
      'Bloomington, IN',
      'tuckerdiane'),
      ('Cozy cottage',
      'cabin in the woods',
      'https://images.unsplash.com/photo-1449158743715-0a90ebb6d2d8?q=80&w=1470&auto=format&fit=crop&ixlib=rb-4.0.3&ixid=M3wxMjA3fDB8MHxwaG90by1wYWdlfHx8fGVufDB8fHx8fA%3D%3D',
      199,
      'Tucked away in the woods, get away from the city sounds and listen to nature.',
      'Brown County, IN',
      'tpeters'),
      ('Pristine pool',
      'pool',
      'https://images.unsplash.com/photo-1576013551627-0cc20b96c2a7?q=80&w=1470&auto=format&fit=crop&ixlib=rb-4.0.3&ixid=M3wxMjA3fDB8MHxwaG90by1wYWdlfHx8fGVufDB8fHx8fA%3D%3D',
      215,
      'I''ve got lots of pool toys and clean towels for you. Don''t forget the sunscreen!',
      'Greenwood, IN',
      'sarahstone'),
      ('Beach house',
      'beach',
      'https://images.unsplash.com/photo-1621571113981-f51bde2a125b?q=80&w=1548&auto=format&fit=crop&ixlib=rb-4.0.3&ixid=M3wxMjA3fDB8MHxwaG90by1wYWdlfHx8fGVufDB8fHx8fA%3D%3D',
      299,
      'Enjoy the beach and water sports on the lake!',
      'Lake Monroe, IN',
      'christina20');

INSERT INTO messages (user_to, user_from, body, sent_at)
VALUES ('testuser','tuckerdiane','Does the garden have a pond?', now()),
       ('testuser', 'tpeters', 'Can I bring my dog?', now()),
       ('tuckerdiane', 'testuser', 'Yes, there is a lovely pond', now()),
       ('tpeters', 'testuser', 'Dogs are welcome!', now());
